StateName,state_id,DistrictName,DISTRICT_ID,TotalUAM,General,SC,ST,OBC,_CreatedDate
ASSAM,18,BARPETA,311,445,401,19,3,22,2022-04-01T08:30:13.143
ASSAM,18,BONGAIGAON,310,240,159,21,6,54,2022-04-01T08:30:13.143
ASSAM,18,DARRANG,314,224,181,7,5,31,2022-04-01T08:30:13.143
ASSAM,18,"DIMA HASAO",654,28,11,0,13,4,2022-04-01T08:30:13.143
ASSAM,18,JORHAT,323,320,221,14,9,76,2022-04-01T08:30:13.143
ASSAM,18,TINSUKIA,320,607,402,23,9,173,2022-04-01T08:30:13.143
BIHAR,10,ARWAL,613,1921,498,274,39,1110,2022-04-01T08:30:13.457
BIHAR,10,BHOJPUR,245,4400,1641,521,80,2158,2022-04-01T08:30:13.457
BIHAR,10,GAYA,251,14849,4212,3191,226,7220,2022-04-01T08:30:13.457
BIHAR,10,MADHEPURA,227,6212,1239,846,233,3894,2022-04-01T08:30:13.457
BIHAR,10,MADHUBANI,221,19784,5039,2500,465,11780,2022-04-01T08:30:13.457
BIHAR,10,MUNGER,240,6145,1525,722,174,3724,2022-04-01T08:30:13.457
CHHATTISGARH,22,BALOD,673,2615,340,141,334,1800,2022-04-01T08:30:17.817
CHHATTISGARH,22,BALRAMPUR,677,383,172,14,105,92,2022-04-01T08:30:17.817
CHHATTISGARH,22,JASHPUR,368,346,204,10,47,85,2022-04-01T08:30:17.817
CHHATTISGARH,22,NARAYANPUR,680,37,23,1,3,10,2022-04-01T08:30:17.817
CHHATTISGARH,22,RAJNANDAGAON,374,3204,975,250,290,1689,2022-04-01T08:30:17.817
GUJARAT,24,ANAND,441,6946,6006,168,48,724,2022-04-01T08:30:18.630
GUJARAT,24,MAHISAGAR,670,364,253,16,18,77,2022-04-01T08:30:18.630
GUJARAT,24,NAVSARI,450,4093,3137,145,172,639,2022-04-01T08:30:18.630
GUJARAT,24,PATAN,429,1106,780,57,8,261,2022-04-01T08:30:18.630
GUJARAT,24,RAJKOT,435,36456,30536,840,176,4904,2022-04-01T08:30:18.630
GUJARAT,24,"SABAR KANTHA",431,1639,1190,114,37,298,2022-04-01T08:30:18.630
GUJARAT,24,TAPI,672,1024,634,24,256,110,2022-04-01T08:30:18.630
GUJARAT,24,VADODARA,445,38557,33559,1376,515,3107,2022-04-01T08:30:18.630
HARYANA,6,JHAJJAR,102,2341,1745,221,7,368,2022-04-01T08:30:22.300
HARYANA,6,MAHENDRAGARH,103,1767,894,111,5,757,2022-04-01T08:30:22.300
HARYANA,6,NUH,685,1383,496,182,3,702,2022-04-01T08:30:22.300
HARYANA,6,REWARI,104,2310,1371,129,6,804,2022-04-01T08:30:22.300
"HIMACHAL PRADESH",2,KANGRA,46,1883,1265,227,91,300,2022-04-01T08:30:23.503
JHARKHAND,20,DEOGHAR,350,2842,1261,107,28,1446,2022-04-01T08:30:23.777
JHARKHAND,20,DHANBAD,351,9964,6242,477,157,3088,2022-04-01T08:30:23.777
JHARKHAND,20,DUMKA,352,2002,688,65,107,1142,2022-04-01T08:30:23.777
JHARKHAND,20,"GUMLA ",357,1633,540,35,713,345,2022-04-01T08:30:23.777
JHARKHAND,20,"KHUNTI ",360,2099,1503,48,227,321,2022-04-01T08:30:23.777
JHARKHAND,20,"LOHARDAGA ",363,1381,441,35,231,674,2022-04-01T08:30:23.777
JHARKHAND,20,SAHEBGANJ,621,1307,573,41,33,660,2022-04-01T08:30:23.777
KARNATAKA,29,BIDAR,528,2454,1115,398,116,825,2022-04-01T08:30:24.790
KARNATAKA,29,CHAMARAJNAGAR,550,1038,653,104,36,245,2022-04-01T08:30:24.790
KARNATAKA,29,CHIKKAMAGALURU,540,2512,1561,178,63,710,2022-04-01T08:30:24.790
KARNATAKA,29,KOLAR,542,1950,1015,354,49,532,2022-04-01T08:30:24.790
KARNATAKA,29,KOPPAL,530,1094,610,87,44,353,2022-04-01T08:30:24.790
KARNATAKA,29,MYSURU,549,9033,6224,504,276,2029,2022-04-01T08:30:24.790
KARNATAKA,29,UDUPI,539,4003,1674,121,99,2109,2022-04-01T08:30:24.790
KARNATAKA,29,"UTTAR KANNAD",533,3683,1636,222,47,1778,2022-04-01T08:30:24.790
KARNATAKA,29,VIJAYAPURA,526,4678,2205,735,38,1700,2022-04-01T08:30:24.790
KERALA,32,IDUKKI,562,1666,1117,93,30,426,2022-04-01T08:30:26.777
KERALA,32,KANNUR,555,3104,1880,61,5,1158,2022-04-01T08:30:26.777
KERALA,32,KOLLAM,566,4229,2429,120,6,1674,2022-04-01T08:30:26.777
KERALA,32,WAYANAD,556,636,370,20,11,235,2022-04-01T08:30:26.777
"MADHYA PRADESH",23,DATIA,693,4573,1610,815,27,2121,2022-04-01T08:30:27.603
"MADHYA PRADESH",23,DHAR,406,33607,7708,3254,7796,14849,2022-04-01T08:30:27.603
"MADHYA PRADESH",23,INDORE,407,30285,19808,1869,615,7993,2022-04-01T08:30:27.603
"MADHYA PRADESH",23,JHABUA,405,13966,1787,586,9359,2234,2022-04-01T08:30:27.603
"MADHYA PRADESH",23,MORENA,383,10200,5710,1098,87,3305,2022-04-01T08:30:27.603
"MADHYA PRADESH",23,NEEMUCH,399,10321,2814,1442,511,5554,2022-04-01T08:30:27.603
"MADHYA PRADESH",23,RATLAM,401,12803,5565,1055,2122,4061,2022-04-01T08:30:27.603
"MADHYA PRADESH",23,SAGAR,392,16361,3720,2533,821,9287,2022-04-01T08:30:27.603
"MADHYA PRADESH",23,SINGRAULI,422,7543,2643,823,605,3472,2022-04-01T08:30:27.603
"MADHYA PRADESH",23,TIKAMGARH,389,9747,2069,2692,238,4748,2022-04-01T08:30:27.603
MAHARASHTRA,27,BHANDARA,464,19772,3636,2940,846,12350,2022-04-01T08:30:32.040
MAHARASHTRA,27,BULDHANA,458,16914,7057,1575,241,8041,2022-04-01T08:30:32.040
MAHARASHTRA,27,JALNA,472,20854,14496,1741,180,4437,2022-04-01T08:30:32.040
MAHARASHTRA,27,"MUMBAI ",636,115702,103744,4547,432,6979,2022-04-01T08:30:32.040
MAHARASHTRA,27,NASHIK,474,49301,30198,3489,1181,14433,2022-04-01T08:30:32.040
MAHARASHTRA,27,PALGHAR,477,52707,43878,1539,1516,5774,2022-04-01T08:30:32.040
MAHARASHTRA,27,PARBHANI,471,9439,5594,1049,93,2703,2022-04-01T08:30:32.040
MAHARASHTRA,27,RAIGAD,478,49166,38159,2658,384,7965,2022-04-01T08:30:32.040
MAHARASHTRA,27,SATARA,485,21465,14837,1529,177,4922,2022-04-01T08:30:32.040
MANIPUR,14,SENAPATI,279,591,78,3,510,0,2022-04-01T08:30:40.870
MEGHALAYA,17,"SOUTH WEST  GARO HILLS",642,14,5,2,7,0,2022-04-01T08:30:41.230
MEGHALAYA,17,"SOUTH WEST KHASI HILLS",643,35,2,0,33,0,2022-04-01T08:30:41.230
NAGALAND,13,KIPHRIE,644,11,2,0,9,0,2022-04-01T08:30:41.620
NAGALAND,13,MON,271,19,3,0,16,0,2022-04-01T08:30:41.620
NAGALAND,13,PEREN,646,10,4,0,6,0,2022-04-01T08:30:41.620
NAGALAND,13,ZUNHEBOTO,274,9,6,0,3,0,2022-04-01T08:30:41.620
ODISHA,21,ANGUL,15,2697,2077,89,35,496,2022-04-01T08:30:41.810
ODISHA,21,DEOGARH,4,200,142,3,7,48,2022-04-01T08:30:41.810
ODISHA,21,JAJAPUR,13,2704,2187,125,18,374,2022-04-01T08:30:41.810
ODISHA,21,KENDRAPARA,10,1193,923,75,3,192,2022-04-01T08:30:41.810
ODISHA,21,KORAPUT,29,1152,874,107,52,119,2022-04-01T08:30:41.810
ODISHA,21,MAYURBHANJ,7,2018,1487,78,143,310,2022-04-01T08:30:41.810
ODISHA,21,NAYAGARH,16,1093,632,47,6,408,2022-04-01T08:30:41.810
ODISHA,21,PURI,18,4471,3594,239,13,625,2022-04-01T08:30:41.810
PUNJAB,3,HOSHIARPUR,64,5357,3974,898,13,472,2022-04-01T08:30:42.667
RAJASTHAN,8,BANSWARA,612,3144,1544,158,584,858,2022-04-01T08:30:43.933
RAJASTHAN,8,BARAN,145,1850,763,199,105,783,2022-04-01T08:30:43.933
RAJASTHAN,8,DAUSA,126,7936,2929,837,1068,3102,2022-04-01T08:30:43.933
RAJASTHAN,8,TONK,137,3490,1392,397,167,1534,2022-04-01T08:30:43.933
"TAMIL NADU",33,ARIYALUR,584,1888,968,126,5,789,2022-04-01T08:30:47.153
"TAMIL NADU",33,DINDIGUL,580,10899,6342,727,13,3817,2022-04-01T08:30:47.153
"TAMIL NADU",33,PERAMBALUR,583,1552,827,211,4,510,2022-04-01T08:30:47.153
"TAMIL NADU",33,SIVAGANGA,590,5514,3101,404,3,2006,2022-04-01T08:30:47.153
"TAMIL NADU",33,THENI,696,5625,2781,390,6,2448,2022-04-01T08:30:47.153
"TAMIL NADU",33,THIRUVALLUR,568,36783,21928,3686,101,11068,2022-04-01T08:30:47.153
TELANGANA,36,NAGARKURNOOL,710,1537,160,673,554,150,2022-04-01T08:30:52.183
TELANGANA,36,"RANGA REDDI",495,30422,17453,3796,3247,5926,2022-04-01T08:30:52.183
TELANGANA,36,SIDDIPET,715,2167,597,757,178,635,2022-04-01T08:30:52.183
TELANGANA,36,WANAPARTHY,718,935,120,344,293,178,2022-04-01T08:30:52.183
"UTTAR PRADESH",9,BAREILLY,166,9671,5768,497,37,3369,2022-04-01T08:30:54.043
"UTTAR PRADESH",9,BASTI,201,4063,1728,457,16,1862,2022-04-01T08:30:54.043
"UTTAR PRADESH",9,BUDAUN,165,2223,1241,189,6,787,2022-04-01T08:30:54.043
"UTTAR PRADESH",9,KANNAUJ,176,3095,1256,379,12,1448,2022-04-01T08:30:54.043
"UTTAR PRADESH",9,"KANPUR NAGAR",179,18045,12950,1102,49,3944,2022-04-01T08:30:54.043
"UTTAR PRADESH",9,MAHOBA,185,598,231,78,2,287,2022-04-01T08:30:54.043
"UTTAR PRADESH",9,PILIBHIT,167,1592,728,119,3,742,2022-04-01T08:30:54.043
"UTTAR PRADESH",9,"SANT KABEER NAGAR",202,3798,1185,730,9,1874,2022-04-01T08:30:54.043
"UTTAR PRADESH",9,SULTANPUR,195,3758,1653,629,81,1395,2022-04-01T08:30:54.043
UTTARAKHAND,5,ALMORA,83,831,680,93,11,47,2022-04-01T08:30:58.467
UTTARAKHAND,5,BAGESHWAR,82,426,327,76,1,22,2022-04-01T08:30:58.467
"WEST BENGAL",19,COOCHBEHAR,332,4356,2051,1547,20,738,2022-04-01T08:30:58.903
"WEST BENGAL",19,MALDA,335,3567,2800,393,21,353,2022-04-01T08:30:58.903
"WEST BENGAL",19,NADIA,339,4301,3140,778,21,362,2022-04-01T08:30:58.903
"WEST BENGAL",19,"UTTAR DINAJPUR",639,1952,1361,326,10,255,2022-04-01T08:30:58.903
DELHI,7,"SOUTH WEST",114,14359,12166,689,97,1407,2022-04-01T08:31:01.247
"JAMMU AND KASHMIR",1,JAMMU,43,2173,2008,102,23,40,2022-04-01T08:31:02.467
"ANDHRA PRADESH",28,KRISHNA,517,13545,9039,1582,239,2685,2022-04-01T08:30:11.140
"ARUNACHAL PRADESH",12,"EAST SIANG",265,47,13,5,24,5,2022-04-01T08:30:12.940
BIHAR,10,"KAIMUR (BHABUA)",247,3853,1022,783,137,1911,2022-04-01T08:30:13.457
BIHAR,10,KISHANGANJ,224,12196,6864,694,306,4332,2022-04-01T08:30:13.457
BIHAR,10,"PURBI  CHAMPARAN",218,34675,7792,4120,1443,21320,2022-04-01T08:30:13.457
BIHAR,10,PURNIA,225,21161,5209,2501,1052,12399,2022-04-01T08:30:13.457
BIHAR,10,ROHTAS,248,15802,3416,3123,801,8462,2022-04-01T08:30:13.457
BIHAR,10,SAMASTIPUR,235,30402,6673,6558,1327,15844,2022-04-01T08:30:13.457
BIHAR,10,SHEIKHPURA,242,2206,674,391,38,1103,2022-04-01T08:30:13.457
BIHAR,10,SUPAUL,222,10423,1812,1578,474,6559,2022-04-01T08:30:13.457
CHHATTISGARH,22,BIJAPUR,676,30,9,5,4,12,2022-04-01T08:30:17.817
CHHATTISGARH,22,DANTEWADA,381,247,178,15,27,27,2022-04-01T08:30:17.817
CHHATTISGARH,22,KABIRDHAM,373,954,244,79,134,497,2022-04-01T08:30:17.817
CHHATTISGARH,22,KONDAGAON,678,574,191,44,140,199,2022-04-01T08:30:17.817
CHHATTISGARH,22,RAIGARH,369,2448,1393,237,92,726,2022-04-01T08:30:17.817
GUJARAT,24,ARVALLI,655,540,323,25,18,174,2022-04-01T08:30:18.630
GUJARAT,24,"BANAS KANTHA",428,3318,1876,153,27,1262,2022-04-01T08:30:18.630
GUJARAT,24,JAMNAGAR,436,5794,4456,148,47,1143,2022-04-01T08:30:18.630
GUJARAT,24,MAHESANA,430,4052,2924,119,29,980,2022-04-01T08:30:18.630
HARYANA,6,BHIWANI,100,2772,1974,378,6,414,2022-04-01T08:30:22.300
HARYANA,6,FATEHABAD,97,3723,2062,993,3,665,2022-04-01T08:30:22.300
HARYANA,6,KAITHAL,92,5282,2755,1020,15,1492,2022-04-01T08:30:22.300
"HIMACHAL PRADESH",2,BILASPUR,52,228,172,37,6,13,2022-04-01T08:30:23.503
"HIMACHAL PRADESH",2,KULLU,48,786,632,95,39,20,2022-04-01T08:30:23.503
"HIMACHAL PRADESH",2,"LAHUL AND SPITI",47,19,3,0,16,0,2022-04-01T08:30:23.503
"HIMACHAL PRADESH",2,MANDI,49,911,704,180,9,18,2022-04-01T08:30:23.503
JHARKHAND,20,"RAMGARH ",619,3939,1762,215,279,1683,2022-04-01T08:30:23.777
KARNATAKA,29,HAVERI,534,2429,1397,166,79,787,2022-04-01T08:30:24.790
KARNATAKA,29,KODAGU,548,959,540,54,18,347,2022-04-01T08:30:24.790
KARNATAKA,29,RAICHUR,529,1981,1001,185,101,694,2022-04-01T08:30:24.790
KERALA,32,KASARAGOD,554,1647,872,41,19,715,2022-04-01T08:30:26.777
KERALA,32,THIRUVANANTHAPURAM,567,14457,8123,697,29,5608,2022-04-01T08:30:26.777
"MADHYA PRADESH",23,ALIRAJPUR,690,4140,387,139,2663,951,2022-04-01T08:30:27.603
"MADHYA PRADESH",23,ASHOKNAGAR,692,7326,3011,775,72,3468,2022-04-01T08:30:27.603
"MADHYA PRADESH",23,BALAGHAT,426,20204,4364,1732,1426,12682,2022-04-01T08:30:27.603
"MADHYA PRADESH",23,BETUL,416,11139,1664,1647,1060,6768,2022-04-01T08:30:27.603
"MADHYA PRADESH",23,DAMOH,393,13119,3916,1704,450,7049,2022-04-01T08:30:27.603
"MADHYA PRADESH",23,DEWAS,404,21897,11695,2335,273,7594,2022-04-01T08:30:27.603
"MADHYA PRADESH",23,JABALPUR,420,18329,12790,939,263,4337,2022-04-01T08:30:27.603
"MADHYA PRADESH",23,NARSINGHPUR,421,7922,2145,1151,667,3959,2022-04-01T08:30:27.603
"MADHYA PRADESH",23,SEHORE,414,17983,8594,2694,661,6034,2022-04-01T08:30:27.603
"MADHYA PRADESH",23,SHEOPUR,382,5271,1567,972,733,1999,2022-04-01T08:30:27.603
"MADHYA PRADESH",23,UMARIA,396,5267,1496,954,1200,1617,2022-04-01T08:30:27.603
"MADHYA PRADESH",23,VIDISHA,412,13053,4677,2022,113,6241,2022-04-01T08:30:27.603
MAHARASHTRA,27,AHMEDNAGAR,480,39222,25831,2538,425,10428,2022-04-01T08:30:32.040
MAHARASHTRA,27,AURANGABAD,473,61288,43522,7561,468,9737,2022-04-01T08:30:32.040
MAHARASHTRA,27,BEED,481,14211,9880,914,58,3359,2022-04-01T08:30:32.040
MAHARASHTRA,27,CHANDRAPUR,467,23781,7139,3786,2092,10764,2022-04-01T08:30:32.040
MAHARASHTRA,27,DHULE,456,7000,2929,348,359,3364,2022-04-01T08:30:32.040
MAHARASHTRA,27,GADCHIROLI,466,12438,3957,1484,1904,5093,2022-04-01T08:30:32.040
MAHARASHTRA,27,GONDIA,465,23497,5629,3604,1853,12411,2022-04-01T08:30:32.040
MAHARASHTRA,27,LATUR,482,9179,6260,759,81,2079,2022-04-01T08:30:32.040
MAHARASHTRA,27,OSMANABAD,483,7834,5935,512,41,1346,2022-04-01T08:30:32.040
MAHARASHTRA,27,THANE,475,171982,146550,8805,1205,15422,2022-04-01T08:30:32.040
MAHARASHTRA,27,WASHIM,460,10046,4028,1613,120,4285,2022-04-01T08:30:32.040
MANIPUR,14,CHURACHANDPUR,281,594,70,11,506,7,2022-04-01T08:30:40.870
MANIPUR,14,THOUBAL,283,2245,1325,248,16,656,2022-04-01T08:30:40.870
MEGHALAYA,17,"EAST KHASI HILLS",305,479,175,5,279,20,2022-04-01T08:30:41.230
MEGHALAYA,17,"NORTH GARO HILLS",641,37,2,2,32,1,2022-04-01T08:30:41.230
MEGHALAYA,17,"RI BHOI",304,79,18,0,58,3,2022-04-01T08:30:41.230
MIZORAM,15,AIZAWL,290,916,76,7,830,3,2022-04-01T08:30:41.433
MIZORAM,15,KOLASIB,289,97,6,0,91,0,2022-04-01T08:30:41.433
ODISHA,21,BARGARH,1,1346,773,96,25,452,2022-04-01T08:30:41.810
ODISHA,21,DHENKANAL,14,1224,921,56,11,236,2022-04-01T08:30:41.810
ODISHA,21,NUAPADA,25,303,174,31,20,78,2022-04-01T08:30:41.810
ODISHA,21,SONEPUR,23,756,308,59,3,386,2022-04-01T08:30:41.810
PUNJAB,3,BATHINDA,60,6897,5912,560,10,415,2022-04-01T08:30:42.667
PUNJAB,3,FARIDKOT,61,3441,2955,287,2,197,2022-04-01T08:30:42.667
PUNJAB,3,"FATEHGARH SAHIB",69,2455,1950,260,2,243,2022-04-01T08:30:42.667
PUNJAB,3,FIROZEPUR,63,3200,2636,289,4,271,2022-04-01T08:30:42.667
PUNJAB,3,KAPURTHALA,66,5360,4048,721,9,582,2022-04-01T08:30:42.667
PUNJAB,3,"SAS NAGAR",72,12756,11485,536,19,716,2022-04-01T08:30:42.667
PUNJAB,3,"SHAHID BHAGAT SINGH NAGAR",614,3470,2129,821,7,513,2022-04-01T08:30:42.667
RAJASTHAN,8,DHOLPUR,123,1521,846,157,25,493,2022-04-01T08:30:43.933
RAJASTHAN,8,HANUMANGARH,117,12021,3301,2644,56,6020,2022-04-01T08:30:43.933
RAJASTHAN,8,JAIPUR,127,119738,73909,7323,4038,34468,2022-04-01T08:30:43.933
RAJASTHAN,8,KARAULI,124,3059,1167,386,391,1115,2022-04-01T08:30:43.933
RAJASTHAN,8,SIROHI,134,3469,1572,327,72,1498,2022-04-01T08:30:43.933
SIKKIM,11,"EAST DISTRICT",254,460,234,25,105,96,2022-04-01T08:30:46.963
SIKKIM,11,"WEST DISTRICT",257,127,49,6,38,34,2022-04-01T08:30:46.963
"TAMIL NADU",33,COIMBATORE,695,59701,41457,1853,85,16306,2022-04-01T08:30:47.153
"TAMIL NADU",33,KANNIYAKUMARI,597,14352,7402,347,16,6587,2022-04-01T08:30:47.153
"TAMIL NADU",33,NAMAKKAL,576,14025,7508,1030,193,5294,2022-04-01T08:30:47.153
"TAMIL NADU",33,TIRUNELVELI,589,16336,7739,1016,27,7554,2022-04-01T08:30:47.153
TELANGANA,36,ADILABAD,490,3637,861,1376,769,631,2022-04-01T08:30:52.183
TELANGANA,36,JANGOAN,702,944,193,256,262,233,2022-04-01T08:30:52.183
TELANGANA,36,KAMAREDDY,705,2884,809,716,489,870,2022-04-01T08:30:52.183
TELANGANA,36,"KOMARAM BHEEM ASIFABAD",706,396,127,102,90,77,2022-04-01T08:30:52.183
TELANGANA,36,"MEDCHAL MALKAJGIRI",709,16902,9824,1903,776,4399,2022-04-01T08:30:52.183
TELANGANA,36,NALGONDA,497,9963,2098,3755,2758,1352,2022-04-01T08:30:52.183
TELANGANA,36,Nirmal,711,1368,419,350,157,442,2022-04-01T08:30:52.183
TELANGANA,36,WARANGAL,498,9205,1191,2858,1766,3390,2022-04-01T08:30:52.183
TRIPURA,16,SEPAHIJALA,649,219,132,29,18,40,2022-04-01T08:30:53.823
TRIPURA,16,UNAKOTI,650,198,92,34,10,62,2022-04-01T08:30:53.823
TRIPURA,16,"WEST TRIPURA",296,1480,967,137,134,242,2022-04-01T08:30:53.823
"UTTAR PRADESH",9,ALIGARH,158,8835,3814,1250,137,3634,2022-04-01T08:30:54.043
"UTTAR PRADESH",9,"AMBEDAKAR NAGAR",194,4216,986,943,16,2271,2022-04-01T08:30:54.043
"UTTAR PRADESH",9,AZAMGARH,207,5199,1655,1041,23,2480,2022-04-01T08:30:54.043
"UTTAR PRADESH",9,BALRAMPUR,198,3054,1260,198,29,1567,2022-04-01T08:30:54.043
"UTTAR PRADESH",9,BARABANKI,192,8652,2329,1881,67,4375,2022-04-01T08:30:54.043
"UTTAR PRADESH",9,BHADOHI,214,9452,1759,2074,47,5572,2022-04-01T08:30:54.043
"UTTAR PRADESH",9,FAIZABAD,193,2492,1297,167,10,1018,2022-04-01T08:30:54.043
"UTTAR PRADESH",9,FIROZABAD,162,3908,1577,660,26,1645,2022-04-01T08:30:54.043
"UTTAR PRADESH",9,GHAZIABAD,155,21589,17045,1159,45,3340,2022-04-01T08:30:54.043
"UTTAR PRADESH",9,HAMIRPUR,184,1847,521,247,10,1069,2022-04-01T08:30:54.043
"UTTAR PRADESH",9,HARDOI,171,2394,1532,244,2,616,2022-04-01T08:30:54.043
"UTTAR PRADESH",9,HATHRAS,159,6278,2338,1217,84,2639,2022-04-01T08:30:54.043
"UTTAR PRADESH",9,JALAUN,181,1925,791,403,12,719,2022-04-01T08:30:54.043
"UTTAR PRADESH",9,KAUSHAMBI,190,1027,606,87,2,332,2022-04-01T08:30:54.043
"UTTAR PRADESH",9,KUSHINAGAR,205,3484,1320,191,21,1952,2022-04-01T08:30:54.043
"UTTAR PRADESH",9,MAINPURI,164,5897,1671,1130,50,3046,2022-04-01T08:30:54.043
"UTTAR PRADESH",9,MAU,208,3883,1018,419,31,2415,2022-04-01T08:30:54.043
"UTTAR PRADESH",9,SHAHJAHANPUR,168,1827,1023,136,6,662,2022-04-01T08:30:54.043
"UTTAR PRADESH",9,UNNAO,172,3600,2230,338,10,1022,2022-04-01T08:30:54.043
UTTARAKHAND,5,DEHRADUN,79,8867,7477,393,129,868,2022-04-01T08:30:58.467
"WEST BENGAL",19,BIRBHUM,337,11628,8032,2539,155,902,2022-04-01T08:30:58.903
"WEST BENGAL",19,"DAKSHIN DINAJPUR",334,3955,3025,580,85,265,2022-04-01T08:30:58.903
"WEST BENGAL",19,"EAST MEDINIPUR",344,3332,2976,167,9,180,2022-04-01T08:30:58.903
"WEST BENGAL",19,"NORTH 24 PRAGANAS",340,14473,11816,1654,74,929,2022-04-01T08:30:58.903
"WEST BENGAL",19,"PASCHIM BARDHAMAN",734,2992,2696,129,23,144,2022-04-01T08:30:58.903
"WEST BENGAL",19,PURULIA,343,1451,1006,75,64,306,2022-04-01T08:30:58.903
"WEST BENGAL",19,"WEST MEDINIPUR",333,4051,3434,232,72,313,2022-04-01T08:30:58.903
"ANDAMAN AND NICOBAR ISLANDS",35,"NORTH AND MIDDLE ANDAMAN",698,455,295,2,0,158,2022-04-01T08:31:00.340
DELHI,7,CENTRAL,112,6519,5840,311,25,343,2022-04-01T08:31:01.247
DELHI,7,"NORTH EAST",109,6360,5147,370,16,827,2022-04-01T08:31:01.247
DELHI,7,WEST,113,15616,13812,711,44,1049,2022-04-01T08:31:01.247
"JAMMU AND KASHMIR",1,BADGAM,34,774,692,13,2,67,2022-04-01T08:31:02.467
"JAMMU AND KASHMIR",1,GANDERBAL,605,128,117,0,3,8,2022-04-01T08:31:02.467
"JAMMU AND KASHMIR",1,KARGIL,38,23,2,0,21,0,2022-04-01T08:31:02.467
"JAMMU AND KASHMIR",1,KISHTWAR,606,97,91,3,1,2,2022-04-01T08:31:02.467
"JAMMU AND KASHMIR",1,POONCH,41,774,687,1,51,35,2022-04-01T08:31:02.467
LADAKH,37,"LEH LADAKH",751,35,9,0,25,1,2022-04-01T08:31:02.717
LAKSHADWEEP,31,"LAKSHADWEEP DISTRICT",553,54,2,0,49,3,2022-04-01T08:31:02.890
"ANDHRA PRADESH",28,"EAST GODAVARI",512,13885,7022,2200,168,4495,2022-04-01T08:30:11.140
"ANDHRA PRADESH",28,VISAKHAPATNAM,519,17428,8600,1224,278,7326,2022-04-01T08:30:11.140
"ANDHRA PRADESH",28,Y.S.R,503,33379,9594,6196,1235,16354,2022-04-01T08:30:11.140
"ARUNACHAL PRADESH",12,"KURUNG KUMEY",631,11,3,0,8,0,2022-04-01T08:30:12.940
"ARUNACHAL PRADESH",12,"LOWER DIBANG VALLEY",629,52,13,1,35,3,2022-04-01T08:30:12.940
"ARUNACHAL PRADESH",12,"LOWER SUBANSIRI",262,65,4,0,59,2,2022-04-01T08:30:12.940
"ARUNACHAL PRADESH",12,"UPPER SUBANSIRI",263,43,3,1,39,0,2022-04-01T08:30:12.940
"ARUNACHAL PRADESH",12,"WEST KAMENG",259,45,14,2,28,1,2022-04-01T08:30:12.940
ASSAM,18,Biswanath,725,47,19,1,8,19,2022-04-01T08:30:13.143
ASSAM,18,DHUBRI,308,321,264,18,0,39,2022-04-01T08:30:13.143
ASSAM,18,GOLAGHAT,324,607,318,43,30,216,2022-04-01T08:30:13.143
ASSAM,18,KOKRAJHAR,307,170,75,7,62,26,2022-04-01T08:30:13.143
ASSAM,18,LAKHIMPUR,318,343,145,19,24,155,2022-04-01T08:30:13.143
ASSAM,18,MARIGAON,315,170,107,8,11,44,2022-04-01T08:30:13.143
ASSAM,18,SIVASAGAR,322,429,203,22,11,193,2022-04-01T08:30:13.143
ASSAM,18,"WEST KARBI ANGLONG",730,1,0,0,0,1,2022-04-01T08:30:13.143
"ARUNACHAL PRADESH",12,TAWANG,258,13,8,1,2,2,2022-04-01T08:30:12.940
"ARUNACHAL PRADESH",12,"WEST SIANG",264,46,13,4,29,0,2022-04-01T08:30:12.940
ASSAM,18,CHIRANG,652,123,63,12,35,13,2022-04-01T08:30:13.143
ASSAM,18,HAILAKANDI,329,152,128,8,1,15,2022-04-01T08:30:13.143
ASSAM,18,HOJAI,727,1,1,0,0,0,2022-04-01T08:30:13.143
ASSAM,18,KAMRUP,312,946,756,39,31,120,2022-04-01T08:30:13.143
ASSAM,18,NALBARI,313,167,141,7,3,16,2022-04-01T08:30:13.143
BIHAR,10,DARBHANGA,229,33005,6591,6752,1910,17752,2022-04-01T08:30:13.457
BIHAR,10,GOPALGANJ,231,6859,2246,568,327,3718,2022-04-01T08:30:13.457
BIHAR,10,JAMUI,253,7453,1700,1562,207,3984,2022-04-01T08:30:13.457
BIHAR,10,JEHANABAD,249,2471,776,394,64,1237,2022-04-01T08:30:13.457
BIHAR,10,KATIHAR,226,12131,4828,730,652,5921,2022-04-01T08:30:13.457
BIHAR,10,NAWADA,252,5137,1543,970,137,2487,2022-04-01T08:30:13.457
BIHAR,10,"PASHCHIM  CHAMPARAN",217,36628,8812,4487,2210,21119,2022-04-01T08:30:13.457
BIHAR,10,SAHARSA,228,14518,3340,1616,526,9036,2022-04-01T08:30:13.457
BIHAR,10,SITAMARHI,220,32977,8534,4129,1306,19008,2022-04-01T08:30:13.457
CHHATTISGARH,22,"BALOD BAZAR",674,3328,623,421,229,2055,2022-04-01T08:30:17.817
CHHATTISGARH,22,BASTAR,380,910,415,29,201,265,2022-04-01T08:30:17.817
CHHATTISGARH,22,DHAMTARI,378,1581,329,79,66,1107,2022-04-01T08:30:17.817
CHHATTISGARH,22,GARIABAND,681,920,114,56,125,625,2022-04-01T08:30:17.817
CHHATTISGARH,22,KANKER,379,805,337,31,182,255,2022-04-01T08:30:17.817
CHHATTISGARH,22,KORBA,370,2321,1398,152,211,560,2022-04-01T08:30:17.817
CHHATTISGARH,22,MUNGELI,679,553,244,74,27,208,2022-04-01T08:30:17.817
CHHATTISGARH,22,SURGUJA,367,911,674,12,75,150,2022-04-01T08:30:17.817
GOA,30,"NORTH GOA",551,3692,3225,88,31,348,2022-04-01T08:30:18.393
GOA,30,"SOUTH GOA",552,2681,2314,64,57,246,2022-04-01T08:30:18.393
GUJARAT,24,BHAVNAGAR,440,10002,6749,297,46,2910,2022-04-01T08:30:18.630
GUJARAT,24,"PANCH MAHALS",443,2018,1399,60,89,470,2022-04-01T08:30:18.630
HARYANA,6,AMBALA,89,4973,3963,421,6,583,2022-04-01T08:30:22.300
HARYANA,6,FARIDABAD,106,14084,11988,607,36,1453,2022-04-01T08:30:22.300
HARYANA,6,GURUGRAM,105,20096,16460,637,56,2943,2022-04-01T08:30:22.300
HARYANA,6,ROHTAK,101,2797,2263,187,5,342,2022-04-01T08:30:22.300
HARYANA,6,SIRSA,98,5602,3647,774,9,1172,2022-04-01T08:30:22.300
"HIMACHAL PRADESH",2,CHAMBA,45,509,383,46,73,7,2022-04-01T08:30:23.503
JHARKHAND,20,"KODERMA ",361,2145,754,271,52,1068,2022-04-01T08:30:23.777
JHARKHAND,20,"SERAIKELA-KHARSAWAN  ",622,5607,3623,110,329,1545,2022-04-01T08:30:23.777
KARNATAKA,29,BELAGAVI,524,22805,10242,1527,600,10436,2022-04-01T08:30:24.790
KARNATAKA,29,"BENGALURU (RURAL)",544,12169,9778,511,118,1762,2022-04-01T08:30:24.790
KARNATAKA,29,"DAKSHIN KANNAD",547,8247,4700,207,148,3192,2022-04-01T08:30:24.790
KARNATAKA,29,DAVANGERE,537,3634,2067,351,207,1009,2022-04-01T08:30:24.790
KARNATAKA,29,HASSAN,546,2406,1295,238,30,843,2022-04-01T08:30:24.790
KARNATAKA,29,KALABURAGI,527,2745,1535,339,34,837,2022-04-01T08:30:24.790
KARNATAKA,29,MANDYA,545,1670,1304,83,5,278,2022-04-01T08:30:24.790
"MADHYA PRADESH",23,BARWANI,409,9143,1390,665,1915,5173,2022-04-01T08:30:27.603
"MADHYA PRADESH",23,BURHANPUR,386,8861,2824,549,315,5173,2022-04-01T08:30:27.603
"MADHYA PRADESH",23,GUNA,388,13787,4068,2223,298,7198,2022-04-01T08:30:27.603
"MADHYA PRADESH",23,MANDSAUR,400,7557,2735,687,68,4067,2022-04-01T08:30:27.603
"MADHYA PRADESH",23,PANNA,391,8077,3668,1277,348,2784,2022-04-01T08:30:27.603
"MADHYA PRADESH",23,RAISEN,415,20018,8560,1567,695,9196,2022-04-01T08:30:27.603
"MADHYA PRADESH",23,REWA,395,13193,7980,1170,519,3524,2022-04-01T08:30:27.603
"MADHYA PRADESH",23,UJJAIN,402,14665,6124,2689,1661,4191,2022-04-01T08:30:27.603
MAHARASHTRA,27,AKOLA,459,13860,6523,2079,196,5062,2022-04-01T08:30:32.040
MAHARASHTRA,27,"MUMBAI SUBURBAN",476,161337,144779,7036,637,8885,2022-04-01T08:30:32.040
MAHARASHTRA,27,"NAN DED",469,11529,7116,1441,248,2724,2022-04-01T08:30:32.040
MAHARASHTRA,27,SOLAPUR,484,28107,18494,2279,206,7128,2022-04-01T08:30:32.040
MAHARASHTRA,27,WARDHA,462,15641,4394,2220,656,8371,2022-04-01T08:30:32.040
MANIPUR,14,BISHNUPUR,282,1529,1136,206,10,177,2022-04-01T08:30:40.870
MANIPUR,14,"IMPHAL WEST",284,5361,4450,133,179,599,2022-04-01T08:30:40.870
MEGHALAYA,17,"EAST JAINTIA HILLS",640,19,7,0,8,4,2022-04-01T08:30:41.230
MEGHALAYA,17,"WEST KHASI HILLS",303,50,4,0,44,2,2022-04-01T08:30:41.230
MIZORAM,15,LAWNGTLAI,294,43,6,1,36,0,2022-04-01T08:30:41.433
MIZORAM,15,LUNGLEI,293,165,15,0,150,0,2022-04-01T08:30:41.433
MIZORAM,15,SAIHA,295,28,2,0,26,0,2022-04-01T08:30:41.433
NAGALAND,13,DIMAPUR,276,553,163,14,350,26,2022-04-01T08:30:41.620
NAGALAND,13,TUENSANG,272,12,2,0,9,1,2022-04-01T08:30:41.620
NAGALAND,13,WOKHA,275,49,5,0,44,0,2022-04-01T08:30:41.620
ODISHA,21,GAJAPATI,20,646,261,57,137,191,2022-04-01T08:30:41.810
ODISHA,21,GANJAM,19,7357,4164,612,52,2529,2022-04-01T08:30:41.810
ODISHA,21,JHARSUGUDA,2,1343,1054,61,40,188,2022-04-01T08:30:41.810
ODISHA,21,KALAHANDI,26,945,494,103,22,326,2022-04-01T08:30:41.810
ODISHA,21,SUNDARGARH,5,3875,3204,145,287,239,2022-04-01T08:30:41.810
PUNJAB,3,AMRITSAR,57,7552,6587,446,4,515,2022-04-01T08:30:42.667
PUNJAB,3,GURDASPUR,59,3095,2581,231,7,276,2022-04-01T08:30:42.667
PUNJAB,3,LUDHIANA,67,30207,27011,1839,44,1313,2022-04-01T08:30:42.667
PUNJAB,3,MOGA,71,5498,4523,450,4,521,2022-04-01T08:30:42.667
PUNJAB,3,PATHANKOT,615,1050,857,97,2,94,2022-04-01T08:30:42.667
PUNJAB,3,PATIALA,616,8530,7346,488,9,687,2022-04-01T08:30:42.667
PUNJAB,3,SANGRUR,68,5434,3988,804,11,631,2022-04-01T08:30:42.667
PUNJAB,3,"SRI MUKTSAR SAHIB",73,2199,1824,208,0,167,2022-04-01T08:30:42.667
PUNJAB,3,"TARN TARAN",618,1925,1602,177,4,142,2022-04-01T08:30:42.667
RAJASTHAN,8,BIKANER,118,13291,7726,567,40,4958,2022-04-01T08:30:43.933
RAJASTHAN,8,CHURU,119,5516,2158,347,40,2971,2022-04-01T08:30:43.933
RAJASTHAN,8,JALORE,133,3171,1076,325,33,1737,2022-04-01T08:30:43.933
RAJASTHAN,8,JHALAWAR,146,2223,1189,149,74,811,2022-04-01T08:30:43.933
RAJASTHAN,8,JODHPUR,130,23497,11982,1364,156,9995,2022-04-01T08:30:43.933
RAJASTHAN,8,PRATAPGARH,625,1963,756,134,267,806,2022-04-01T08:30:43.933
RAJASTHAN,8,"SAWAI MADHOPUR",125,5187,2301,577,672,1637,2022-04-01T08:30:43.933
RAJASTHAN,8,UDAIPUR,141,16494,10788,987,552,4167,2022-04-01T08:30:43.933
"TAMIL NADU",33,KANCHIPURAM,570,53711,31810,4614,204,17083,2022-04-01T08:30:47.153
"TAMIL NADU",33,KARUR,581,5709,3448,360,12,1889,2022-04-01T08:30:47.153
"TAMIL NADU",33,NAGAPATTINAM,586,4714,2152,407,10,2145,2022-04-01T08:30:47.153
"TAMIL NADU",33,RAMANATHAPURAM,594,4360,2644,290,5,1421,2022-04-01T08:30:47.153
"TAMIL NADU",33,SALEM,575,23741,13713,1530,221,8277,2022-04-01T08:30:47.153
"TAMIL NADU",33,THANJAVUR,588,9787,5062,517,12,4196,2022-04-01T08:30:47.153
"TAMIL NADU",33,TIRUCHIRAPPALLI,582,17840,9999,1269,42,6530,2022-04-01T08:30:47.153
"TAMIL NADU",33,TIRUVANNAMALAI,573,6717,3414,622,64,2617,2022-04-01T08:30:47.153
"TAMIL NADU",33,VIRUDHUNAGAR,593,11504,7082,696,21,3705,2022-04-01T08:30:47.153
TELANGANA,36,HYDERABAD,494,48880,35367,3320,1181,9012,2022-04-01T08:30:52.183
TELANGANA,36,MAHABUBNAGAR,496,6119,1621,1669,1603,1226,2022-04-01T08:30:52.183
TELANGANA,36,"RAJANNA SIRCILLA",713,2342,582,663,219,878,2022-04-01T08:30:52.183
TELANGANA,36,SURYAPET,716,3854,569,1021,1552,712,2022-04-01T08:30:52.183
TELANGANA,36,"WARANGAL RURAL",721,2872,740,542,690,900,2022-04-01T08:30:52.183
TELANGANA,36,"WARANGAL URBAN",720,11627,3824,2018,529,5256,2022-04-01T08:30:52.183
TELANGANA,36,"YADADRI BHUVANAGIRI",719,1294,312,414,315,253,2022-04-01T08:30:52.183
TRIPURA,16,GOMATI,647,307,179,57,26,45,2022-04-01T08:30:53.823
TRIPURA,16,"SOUTH TRIPURA",297,322,191,25,61,45,2022-04-01T08:30:53.823
"UTTAR PRADESH",9,AMETHI,632,1658,991,115,6,546,2022-04-01T08:30:54.043
"UTTAR PRADESH",9,AURAIYA,178,3866,1169,801,34,1862,2022-04-01T08:30:54.043
"UTTAR PRADESH",9,BAGHPAT,154,1447,821,102,5,519,2022-04-01T08:30:54.043
"UTTAR PRADESH",9,BULANDSHAHAR,157,5753,3297,759,45,1652,2022-04-01T08:30:54.043
"UTTAR PRADESH",9,CHANDAULI,212,3960,1362,633,30,1935,2022-04-01T08:30:54.043
"UTTAR PRADESH",9,FARRUKHABAD,175,2321,1338,134,9,840,2022-04-01T08:30:54.043
"UTTAR PRADESH",9,FATEHPUR,188,2799,1238,418,19,1124,2022-04-01T08:30:54.043
"UTTAR PRADESH",9,GHAZIPUR,211,14762,3150,3407,221,7984,2022-04-01T08:30:54.043
"UTTAR PRADESH",9,JAUNPUR,210,29759,6609,7772,183,15195,2022-04-01T08:30:54.043
"UTTAR PRADESH",9,LUCKNOW,173,32902,24037,2036,105,6724,2022-04-01T08:30:54.043
"UTTAR PRADESH",9,PRATAPGARH,189,7761,3305,1013,45,3398,2022-04-01T08:30:54.043
"UTTAR PRADESH",9,"RAE BARELI",174,3216,1848,330,16,1022,2022-04-01T08:30:54.043
UTTARAKHAND,5,CHAMPAWAT,84,449,354,31,1,63,2022-04-01T08:30:58.467
UTTARAKHAND,5,HARIDWAR,87,4274,2890,274,18,1092,2022-04-01T08:30:58.467
UTTARAKHAND,5,"RUDRA PRAYAG",77,466,380,68,0,18,2022-04-01T08:30:58.467
UTTARAKHAND,5,"UDHAM SINGH NAGAR",86,4909,3371,299,102,1137,2022-04-01T08:30:58.467
UTTARAKHAND,5,UTTARKASHI,75,786,273,120,11,382,2022-04-01T08:30:58.467
"WEST BENGAL",19,DARJEELING,330,3386,2656,293,175,262,2022-04-01T08:30:58.903
"WEST BENGAL",19,HOOGHLY,341,5994,5181,429,28,356,2022-04-01T08:30:58.903
"WEST BENGAL",19,HOWRAH,345,6734,6327,178,15,214,2022-04-01T08:30:58.903
"WEST BENGAL",19,JALPAIGURI,331,2970,2063,535,190,182,2022-04-01T08:30:58.903
"WEST BENGAL",19,KALIMPONG,733,141,93,14,14,20,2022-04-01T08:30:58.903
"WEST BENGAL",19,KOLKOTA,346,23632,22630,502,41,459,2022-04-01T08:30:58.903
"WEST BENGAL",19,"SOUTH 24 PRAGANAS",347,9350,7456,1279,39,576,2022-04-01T08:30:58.903
"ANDAMAN AND NICOBAR ISLANDS",35,NIKOBARS,603,100,87,0,5,8,2022-04-01T08:31:00.340
"DAMAN AND DIU",25,DIU,452,145,119,4,0,22,2022-04-01T08:31:01.043
DELHI,7,"NEW DELHI",111,12322,10108,722,54,1438,2022-04-01T08:31:01.247
DELHI,7,"SOUTH ",115,20121,17585,874,94,1568,2022-04-01T08:31:01.247
"JAMMU AND KASHMIR",1,BANDIPORA,604,77,71,1,2,3,2022-04-01T08:31:02.467
"JAMMU AND KASHMIR",1,KATHUA,44,302,249,36,1,16,2022-04-01T08:31:02.467
"JAMMU AND KASHMIR",1,KULGAM,607,81,70,1,0,10,2022-04-01T08:31:02.467
"JAMMU AND KASHMIR",1,KUPWARA,31,62,56,1,0,5,2022-04-01T08:31:02.467
"JAMMU AND KASHMIR",1,RAJAURI,42,285,231,8,36,10,2022-04-01T08:31:02.467
"JAMMU AND KASHMIR",1,SHOPIAN,611,48,34,1,0,13,2022-04-01T08:31:02.467
"JAMMU AND KASHMIR",1,UDHAMPUR,40,133,125,7,0,1,2022-04-01T08:31:02.467
PUDUCHERRY,34,KARAIKAL,601,678,256,46,1,375,2022-04-01T08:31:03.077
PUDUCHERRY,34,MAHE,600,26,6,1,0,19,2022-04-01T08:31:03.077
"ANDHRA PRADESH",28,SRIKAKULAM,522,3802,1053,307,90,2352,2022-04-01T08:30:11.140
"ARUNACHAL PRADESH",12,CHANGLANG,269,36,16,1,14,5,2022-04-01T08:30:12.940
"ARUNACHAL PRADESH",12,"DIBANG VALLEY",267,11,2,2,3,4,2022-04-01T08:30:12.940
ASSAM,18,CACHAR,327,570,415,70,8,77,2022-04-01T08:30:13.143
ASSAM,18,DHEMAJI,653,326,45,16,74,191,2022-04-01T08:30:13.143
ASSAM,18,DIBRUGARH,321,848,472,44,44,288,2022-04-01T08:30:13.143
ASSAM,18,GOALPARA,309,248,203,11,15,19,2022-04-01T08:30:13.143
ASSAM,18,"KAMRUP METRO",319,3036,2360,169,106,401,2022-04-01T08:30:13.143
ASSAM,18,KARIMGANJ,328,308,231,25,1,51,2022-04-01T08:30:13.143
ASSAM,18,UDALGURI,326,167,45,21,64,37,2022-04-01T08:30:13.143
BIHAR,10,AURANGABAD,250,3707,1454,377,112,1764,2022-04-01T08:30:13.457
BIHAR,10,BANKA,239,9804,2513,1067,290,5934,2022-04-01T08:30:13.457
BIHAR,10,BEGUSARAI,236,22466,6027,3989,604,11846,2022-04-01T08:30:13.457
BIHAR,10,MUZAFFARPUR,230,55988,14163,7339,2991,31495,2022-04-01T08:30:13.457
BIHAR,10,SHEOHAR,219,4665,1371,434,175,2685,2022-04-01T08:30:13.457
BIHAR,10,VAISHALI,234,29831,6031,7135,1072,15593,2022-04-01T08:30:13.457
CHHATTISGARH,22,KOREA,366,781,417,34,108,222,2022-04-01T08:30:17.817
CHHATTISGARH,22,MAHASAMUND,377,1538,537,104,122,775,2022-04-01T08:30:17.817
CHHATTISGARH,22,RAIPUR,376,12997,8370,682,164,3781,2022-04-01T08:30:17.817
CHHATTISGARH,22,SUKMA,682,20,15,0,0,5,2022-04-01T08:30:17.817
CHHATTISGARH,22,SURAJPUR,683,649,363,17,80,189,2022-04-01T08:30:17.817
GUJARAT,24,AMRELI,439,1816,1074,145,11,586,2022-04-01T08:30:18.630
GUJARAT,24,BHARUCH,447,8990,7563,243,168,1016,2022-04-01T08:30:18.630
GUJARAT,24,BOTAD,656,567,280,20,3,264,2022-04-01T08:30:18.630
GUJARAT,24,CHHOTAUDEPUR,657,793,315,39,359,80,2022-04-01T08:30:18.630
GUJARAT,24,"DEVBHOOMI DWARKA",658,984,588,28,9,359,2022-04-01T08:30:18.630
GUJARAT,24,DOHAD,444,1026,526,30,355,115,2022-04-01T08:30:18.630
GUJARAT,24,KACHCHH,427,9616,7966,395,46,1209,2022-04-01T08:30:18.630
GUJARAT,24,MORBI,671,2798,2415,72,7,304,2022-04-01T08:30:18.630
GUJARAT,24,NARMADA,446,392,265,11,67,49,2022-04-01T08:30:18.630
GUJARAT,24,PORBANDAR,437,1438,953,48,22,415,2022-04-01T08:30:18.630
GUJARAT,24,SURAT,448,115692,107395,1177,614,6506,2022-04-01T08:30:18.630
GUJARAT,24,SURENDRANAGAR,434,1660,1006,143,8,503,2022-04-01T08:30:18.630
GUJARAT,24,VALSAD,451,10912,9047,262,462,1141,2022-04-01T08:30:18.630
HARYANA,6,HISAR,99,7366,5125,1018,11,1212,2022-04-01T08:30:22.300
HARYANA,6,KURUKSHETRA,91,4390,3440,259,7,684,2022-04-01T08:30:22.300
HARYANA,6,SONIPAT,95,5094,3943,341,15,795,2022-04-01T08:30:22.300
"HIMACHAL PRADESH",2,KINNAUR,56,106,31,5,68,2,2022-04-01T08:30:23.503
"HIMACHAL PRADESH",2,SHIMLA,55,1382,1142,218,14,8,2022-04-01T08:30:23.503
"HIMACHAL PRADESH",2,SOLAN,53,2105,1733,230,32,110,2022-04-01T08:30:23.503
JHARKHAND,20,CHATRA,349,1857,571,175,54,1057,2022-04-01T08:30:23.777
JHARKHAND,20,"EAST SINGHBHUM",353,21024,15975,447,766,3836,2022-04-01T08:30:23.777
JHARKHAND,20,"GARHWA ",354,3421,640,538,197,2046,2022-04-01T08:30:23.777
JHARKHAND,20,GODDA,356,2546,671,104,69,1702,2022-04-01T08:30:23.777
JHARKHAND,20,"HAZARIBAG ",358,9200,2403,1012,335,5450,2022-04-01T08:30:23.777
JHARKHAND,20,LATEHAR,362,493,241,18,49,185,2022-04-01T08:30:23.777
JHARKHAND,20,"RANCHI ",620,17762,9680,466,1873,5743,2022-04-01T08:30:23.777
KARNATAKA,29,BAGALKOT,525,3912,1979,370,80,1483,2022-04-01T08:30:24.790
KARNATAKA,29,BALLARI,535,3566,1956,343,212,1055,2022-04-01T08:30:24.790
KARNATAKA,29,"BENGALURU (URBAN)",543,97050,79087,4554,834,12575,2022-04-01T08:30:24.790
KARNATAKA,29,CHIKBALLAPUR,686,1396,925,125,55,291,2022-04-01T08:30:24.790
KARNATAKA,29,CHITRADURGA,536,2113,1161,309,141,502,2022-04-01T08:30:24.790
KARNATAKA,29,DHARWAD,532,14284,7437,996,317,5534,2022-04-01T08:30:24.790
KARNATAKA,29,GADAG,531,2088,982,163,49,894,2022-04-01T08:30:24.790
KERALA,32,KOTTAYAM,563,3342,2407,111,11,813,2022-04-01T08:30:26.777
KERALA,32,MALAPPURAM,558,3193,1562,80,14,1537,2022-04-01T08:30:26.777
KERALA,32,THRISSUR,560,5952,3863,246,11,1832,2022-04-01T08:30:26.777
"MADHYA PRADESH",23,CHHATARPUR,390,13249,5642,1473,160,5974,2022-04-01T08:30:27.603
"MADHYA PRADESH",23,CHHINDWARA,424,13851,2275,1730,1335,8511,2022-04-01T08:30:27.603
"MADHYA PRADESH",23,GWALIOR,385,24568,8751,3913,230,11674,2022-04-01T08:30:27.603
"MADHYA PRADESH",23,SATNA,394,10976,6339,1216,162,3259,2022-04-01T08:30:27.603
"MADHYA PRADESH",23,SHAJAPUR,403,6900,1856,1010,75,3959,2022-04-01T08:30:27.603
"MADHYA PRADESH",23,SHIVPURI,387,15691,4312,2741,295,8343,2022-04-01T08:30:27.603
MAHARASHTRA,27,KOLHAPUR,488,34942,25890,2643,220,6189,2022-04-01T08:30:32.040
MAHARASHTRA,27,PUNE,479,181860,144565,11242,1741,24312,2022-04-01T08:30:32.040
MAHARASHTRA,27,SINDHUDURG,487,4384,2890,205,25,1264,2022-04-01T08:30:32.040
MAHARASHTRA,27,YAVATMAL,468,14599,6146,1213,699,6541,2022-04-01T08:30:32.040
MANIPUR,14,CHANDEL,287,456,65,7,376,8,2022-04-01T08:30:40.870
MEGHALAYA,17,"EAST GARO HILLS",301,14,2,0,12,0,2022-04-01T08:30:41.230
MEGHALAYA,17,"SOUTH GARO HILLS",302,6,2,1,3,0,2022-04-01T08:30:41.230
MEGHALAYA,17,"WEST GARO HILLS",300,75,33,2,34,6,2022-04-01T08:30:41.230
MEGHALAYA,17,"WEST JAINTIA HILLS",306,29,3,0,25,1,2022-04-01T08:30:41.230
MIZORAM,15,SERCHHIP,292,46,5,0,41,0,2022-04-01T08:30:41.433
NAGALAND,13,KOHIMA,277,184,37,3,141,3,2022-04-01T08:30:41.620
NAGALAND,13,MOKOKCHUNG,273,38,9,1,27,1,2022-04-01T08:30:41.620
ODISHA,21,BALANGIR,24,1816,903,231,67,615,2022-04-01T08:30:41.810
ODISHA,21,BHADRAK,9,3942,2260,579,8,1095,2022-04-01T08:30:41.810
ODISHA,21,CUTTACK,12,7685,5896,592,18,1179,2022-04-01T08:30:41.810
ODISHA,21,KHORDHA,17,11922,10331,482,72,1037,2022-04-01T08:30:41.810
ODISHA,21,RAYAGADA,27,1360,710,215,91,344,2022-04-01T08:30:41.810
ODISHA,21,SAMBALPUR,3,1943,1547,107,46,243,2022-04-01T08:30:41.810
PUNJAB,3,MANSA,70,2298,1995,167,2,134,2022-04-01T08:30:42.667
PUNJAB,3,RUPNAGAR,617,2067,1631,188,3,245,2022-04-01T08:30:42.667
RAJASTHAN,8,AJMER,136,13146,6844,1283,110,4909,2022-04-01T08:30:43.933
RAJASTHAN,8,BARMER,132,5020,2297,285,49,2389,2022-04-01T08:30:43.933
RAJASTHAN,8,CHITTORGARH,143,6548,3343,561,110,2534,2022-04-01T08:30:43.933
RAJASTHAN,8,DUNGARPUR,142,2727,1436,94,261,936,2022-04-01T08:30:43.933
RAJASTHAN,8,GANGANAGAR,116,14469,7495,2257,88,4629,2022-04-01T08:30:43.933
RAJASTHAN,8,JAISALMER,131,1710,919,96,25,670,2022-04-01T08:30:43.933
RAJASTHAN,8,KOTA,144,18504,11434,1527,490,5053,2022-04-01T08:30:43.933
RAJASTHAN,8,RAJSAMAND,140,3507,1847,284,60,1316,2022-04-01T08:30:43.933
RAJASTHAN,8,SIKAR,128,11521,4226,782,149,6364,2022-04-01T08:30:43.933
"TAMIL NADU",33,CHENNAI,569,149498,109591,7703,321,31883,2022-04-01T08:30:47.153
"TAMIL NADU",33,CUDDALORE,585,7658,3289,911,18,3440,2022-04-01T08:30:47.153
"TAMIL NADU",33,DHARMAPURI,572,5792,3156,404,37,2195,2022-04-01T08:30:47.153
"TAMIL NADU",33,ERODE,577,19420,11479,643,30,7268,2022-04-01T08:30:47.153
"TAMIL NADU",33,MADURAI,591,35026,20382,1191,59,13394,2022-04-01T08:30:47.153
"TAMIL NADU",33,"THE NILGIRISH",578,1902,1011,297,8,586,2022-04-01T08:30:47.153
"TAMIL NADU",33,THIRUVARUR,587,4282,1969,384,10,1919,2022-04-01T08:30:47.153
"TAMIL NADU",33,TIRUPPUR,596,25465,18944,523,28,5970,2022-04-01T08:30:47.153
"TAMIL NADU",33,VILLUPURAM,574,8017,3901,843,34,3239,2022-04-01T08:30:47.153
TELANGANA,36,"BHADRADRI KOTHAGUDEM",700,2014,553,398,812,251,2022-04-01T08:30:52.183
TELANGANA,36,Jagitial,701,2350,852,439,69,990,2022-04-01T08:30:52.183
TELANGANA,36,"JAYASHANKAR BHUPALAPALLY",703,1661,334,373,359,595,2022-04-01T08:30:52.183
TELANGANA,36,KHAMMAM,499,6082,1715,1849,1726,792,2022-04-01T08:30:52.183
TELANGANA,36,MANCHERIAL,708,2031,595,812,170,454,2022-04-01T08:30:52.183
TELANGANA,36,NIZAMABAD,491,16223,6082,2160,1146,6835,2022-04-01T08:30:52.183
TELANGANA,36,PEDDAPALLI,712,2871,1129,644,76,1022,2022-04-01T08:30:52.183
TELANGANA,36,VIKARABAD,717,1122,292,282,392,156,2022-04-01T08:30:52.183
TRIPURA,16,KHOWAI,648,259,71,24,80,84,2022-04-01T08:30:53.823
TRIPURA,16,"NORTH TRIPURA",299,413,228,34,64,87,2022-04-01T08:30:53.823
"UTTAR PRADESH",9,AGRA,161,33777,16052,5527,1289,10909,2022-04-01T08:30:54.043
"UTTAR PRADESH",9,BANDA,186,1367,704,197,5,461,2022-04-01T08:30:54.043
"UTTAR PRADESH",9,BIJNOR,149,2759,1553,292,8,906,2022-04-01T08:30:54.043
"UTTAR PRADESH",9,"GAUTAM BUDDHA NAGAR",156,22251,17317,948,207,3779,2022-04-01T08:30:54.043
"UTTAR PRADESH",9,GORAKHAPUR,204,8773,3827,780,120,4046,2022-04-01T08:30:54.043
"UTTAR PRADESH",9,HAPUR,697,2165,1313,254,4,594,2022-04-01T08:30:54.043
"UTTAR PRADESH",9,JHANSI,182,6916,2243,1697,34,2942,2022-04-01T08:30:54.043
"UTTAR PRADESH",9,"KANPUR DEHAT",634,3474,1538,637,33,1266,2022-04-01T08:30:54.043
"UTTAR PRADESH",9,"LAKHIMPUR KHERI",169,4629,2089,453,136,1951,2022-04-01T08:30:54.043
"UTTAR PRADESH",9,MAHARAJGANJ,203,9391,1905,1274,220,5992,2022-04-01T08:30:54.043
"UTTAR PRADESH",9,MATHURA,160,15281,8441,1850,194,4796,2022-04-01T08:30:54.043
"UTTAR PRADESH",9,MEERUT,153,14352,9008,1284,45,4015,2022-04-01T08:30:54.043
"UTTAR PRADESH",9,MORADABAD,150,8851,4317,572,24,3938,2022-04-01T08:30:54.043
"UTTAR PRADESH",9,RAMPUR,151,2671,1631,153,4,883,2022-04-01T08:30:54.043
"UTTAR PRADESH",9,SAHARANPUR,147,6073,3126,604,20,2323,2022-04-01T08:30:54.043
"UTTAR PRADESH",9,SHAMLI,180,2219,539,97,3,1580,2022-04-01T08:30:54.043
"UTTAR PRADESH",9,SHRAVASTI,197,930,416,92,27,395,2022-04-01T08:30:54.043
"UTTAR PRADESH",9,SIDDHARTHNAGAR,200,6381,2497,861,33,2990,2022-04-01T08:30:54.043
"UTTAR PRADESH",9,VARANASI,213,16077,7404,1369,170,7134,2022-04-01T08:30:54.043
UTTARAKHAND,5,CHAMOLI,76,360,265,55,24,16,2022-04-01T08:30:58.467
UTTARAKHAND,5,"PAURI GARHWAL",80,1785,1628,82,7,68,2022-04-01T08:30:58.467
UTTARAKHAND,5,PITHORAGARH,81,527,380,95,23,29,2022-04-01T08:30:58.467
"WEST BENGAL",19,"PURBA BARDHAMAN",338,24045,16166,4851,629,2399,2022-04-01T08:30:58.903
"ANDAMAN AND NICOBAR ISLANDS",35,"SOUTH ANDAMANS",602,3876,3088,32,16,740,2022-04-01T08:31:00.340
CHANDIGARH,4,CHANDIGARH,74,8968,8183,391,26,368,2022-04-01T08:31:00.560
"DAMAN AND DIU",25,DAMAN,453,1023,847,48,20,108,2022-04-01T08:31:01.043
DELHI,7,"NORTH WEST",107,17018,14468,1018,45,1487,2022-04-01T08:31:01.247
DELHI,7,"SOUTH EAST",627,3172,2627,149,16,380,2022-04-01T08:31:01.247
"JAMMU AND KASHMIR",1,ANANTNAG,36,258,232,1,3,22,2022-04-01T08:31:02.467
"JAMMU AND KASHMIR",1,BARAMULLA,32,660,634,8,0,18,2022-04-01T08:31:02.467
"JAMMU AND KASHMIR",1,"LEH LADAKH",37,58,12,1,45,0,2022-04-01T08:31:02.467
"JAMMU AND KASHMIR",1,REASI,609,95,86,5,2,2,2022-04-01T08:31:02.467
"JAMMU AND KASHMIR",1,SAMBA,610,133,100,25,1,7,2022-04-01T08:31:02.467
PUDUCHERRY,34,PONDICHERRY,599,6042,3014,358,14,2656,2022-04-01T08:31:03.077
"ANDHRA PRADESH",28,CHITOOR,511,19524,8559,3426,915,6624,2022-04-01T08:30:11.140
"ANDHRA PRADESH",28,"SPSR NELLORE",518,48558,8359,14964,4450,20785,2022-04-01T08:30:11.140
"ANDHRA PRADESH",28,VIZIANAGARAM,513,12831,3758,1547,1734,5792,2022-04-01T08:30:11.140
"ANDHRA PRADESH",28,"WEST GODAVARI",505,18561,9093,2655,177,6636,2022-04-01T08:30:11.140
"ARUNACHAL PRADESH",12,ANJAW,628,2,0,0,2,0,2022-04-01T08:30:12.940
"ARUNACHAL PRADESH",12,"EAST KAMENG",260,16,2,3,9,2,2022-04-01T08:30:12.940
"ARUNACHAL PRADESH",12,LOHIT,268,53,22,1,20,10,2022-04-01T08:30:12.940
"ARUNACHAL PRADESH",12,"UPPER SIANG",266,10,1,0,9,0,2022-04-01T08:30:12.940
"ARUNACHAL PRADESH",12,"KRA DAADI",722,1,0,0,1,0,2022-04-01T08:30:12.940
"ARUNACHAL PRADESH",12,LONGDING,630,3,2,0,1,0,2022-04-01T08:30:12.940
"ARUNACHAL PRADESH",12,"PAPUM PARE",261,418,109,10,288,11,2022-04-01T08:30:12.940
"ARUNACHAL PRADESH",12,TIRAP,270,8,0,2,6,0,2022-04-01T08:30:12.940
ASSAM,18,BAKSA,651,143,44,8,80,11,2022-04-01T08:30:13.143
ASSAM,18,KARBI-ANGELONG,325,206,84,21,46,55,2022-04-01T08:30:13.143
ASSAM,18,MAJULI,728,6,0,0,2,4,2022-04-01T08:30:13.143
ASSAM,18,NAGAON,316,881,665,68,5,143,2022-04-01T08:30:13.143
ASSAM,18,SONITPUR,317,609,354,45,33,177,2022-04-01T08:30:13.143
BIHAR,10,ARARIA,223,38619,6123,3961,1453,27082,2022-04-01T08:30:13.457
BIHAR,10,BHAGALPUR,238,16183,6611,1397,415,7760,2022-04-01T08:30:13.457
BIHAR,10,BUXAR,246,3749,1223,474,89,1963,2022-04-01T08:30:13.457
BIHAR,10,KHAGARIA,237,10154,2249,1214,354,6337,2022-04-01T08:30:13.457
BIHAR,10,LAKHISARAI,241,6095,1593,873,104,3525,2022-04-01T08:30:13.457
BIHAR,10,NALANDA,243,15120,2931,4273,505,7411,2022-04-01T08:30:13.457
BIHAR,10,PATNA,244,45972,17679,6316,1320,20657,2022-04-01T08:30:13.457
BIHAR,10,SARAN,233,15213,4628,2296,478,7811,2022-04-01T08:30:13.457
BIHAR,10,SIWAN,232,5850,2272,401,274,2903,2022-04-01T08:30:13.457
CHHATTISGARH,22,BEMETARA,675,1292,330,115,25,822,2022-04-01T08:30:17.817
CHHATTISGARH,22,BILASPUR,372,5961,2347,722,603,2289,2022-04-01T08:30:17.817
CHHATTISGARH,22,DURG,375,7660,4172,456,172,2860,2022-04-01T08:30:17.817
CHHATTISGARH,22,JANJGIR-CHAMPA,371,2752,702,568,111,1371,2022-04-01T08:30:17.817
GUJARAT,24,AHMADABAD,433,105552,91923,3331,567,9731,2022-04-01T08:30:18.630
GUJARAT,24,DANG,449,48,31,3,8,6,2022-04-01T08:30:18.630
GUJARAT,24,GANDHINAGAR,432,8573,6428,437,85,1623,2022-04-01T08:30:18.630
GUJARAT,24,"GIR SOMNATH",659,1468,750,103,12,603,2022-04-01T08:30:18.630
GUJARAT,24,JUNAGADH,438,4033,2894,199,48,892,2022-04-01T08:30:18.630
GUJARAT,24,KHEDA,442,2509,2082,108,14,305,2022-04-01T08:30:18.630
HARYANA,6,JIND,96,4992,3655,454,6,877,2022-04-01T08:30:22.300
HARYANA,6,KARNAL,93,9054,7186,680,14,1174,2022-04-01T08:30:22.300
HARYANA,6,PALWAL,684,2175,1544,254,10,367,2022-04-01T08:30:22.300
HARYANA,6,PANCHKULA,88,3670,3187,177,3,303,2022-04-01T08:30:22.300
HARYANA,6,PANIPAT,94,9943,6867,986,35,2055,2022-04-01T08:30:22.300
HARYANA,6,YAMUNANAGAR,90,5802,4473,439,8,882,2022-04-01T08:30:22.300
"HIMACHAL PRADESH",2,HAMIRPUR,50,345,267,55,1,22,2022-04-01T08:30:23.503
"HIMACHAL PRADESH",2,SIRMAUR,54,452,331,65,1,55,2022-04-01T08:30:23.503
"HIMACHAL PRADESH",2,UNA,51,1014,638,210,9,157,2022-04-01T08:30:23.503
JHARKHAND,20,"BOKARO ",348,10083,5799,588,253,3443,2022-04-01T08:30:23.777
JHARKHAND,20,GIRIDIH,355,8938,3998,476,138,4326,2022-04-01T08:30:23.777
JHARKHAND,20,JAMTARA,359,639,230,28,26,355,2022-04-01T08:30:23.777
JHARKHAND,20,"PAKUR ",364,1191,596,27,52,516,2022-04-01T08:30:23.777
JHARKHAND,20,PALAMU,365,3159,1056,358,120,1625,2022-04-01T08:30:23.777
JHARKHAND,20,"SIMDEGA ",623,388,134,19,90,145,2022-04-01T08:30:23.777
JHARKHAND,20,"WEST SINGHBHUM",624,2180,1186,62,411,521,2022-04-01T08:30:23.777
KARNATAKA,29,RAMANAGARA,687,1741,1066,150,17,508,2022-04-01T08:30:24.790
KARNATAKA,29,SHIVAMOGGA,538,3112,1798,213,61,1040,2022-04-01T08:30:24.790
KARNATAKA,29,TUMAKURU,541,3366,2171,269,118,808,2022-04-01T08:30:24.790
KARNATAKA,29,YADGIR,688,1150,538,145,60,407,2022-04-01T08:30:24.790
KERALA,32,ALAPPUZHA,564,4402,2662,159,7,1574,2022-04-01T08:30:26.777
KERALA,32,ERNAKULAM,561,14360,9975,338,18,4029,2022-04-01T08:30:26.777
KERALA,32,KOZHIKODE,557,3215,1561,92,4,1558,2022-04-01T08:30:26.777
KERALA,32,PALAKKAD,559,3212,1703,160,10,1339,2022-04-01T08:30:26.777
KERALA,32,PATHANAMTHIPTA,565,2110,1540,111,8,451,2022-04-01T08:30:26.777
"MADHYA PRADESH",23,"AGAR MALWA",689,4718,1025,713,55,2925,2022-04-01T08:30:27.603
"MADHYA PRADESH",23,ANUPPUR,691,7269,1974,757,2024,2514,2022-04-01T08:30:27.603
"MADHYA PRADESH",23,BHIND,384,10734,5283,2094,104,3253,2022-04-01T08:30:27.603
"MADHYA PRADESH",23,BHOPAL,413,29350,18517,1867,440,8526,2022-04-01T08:30:27.603
"MADHYA PRADESH",23,DINDORI,694,6328,575,456,2775,2522,2022-04-01T08:30:27.603
"MADHYA PRADESH",23,"EAST NIMAR",410,9566,5013,619,571,3363,2022-04-01T08:30:27.603
"MADHYA PRADESH",23,HARDA,417,6513,3010,634,463,2406,2022-04-01T08:30:27.603
"MADHYA PRADESH",23,HOSHANGABAD,418,13586,5195,1207,282,6902,2022-04-01T08:30:27.603
"MADHYA PRADESH",23,KATNI,419,13114,7475,1299,1174,3166,2022-04-01T08:30:27.603
"MADHYA PRADESH",23,KHARGONE,408,10628,3409,811,829,5579,2022-04-01T08:30:27.603
"MADHYA PRADESH",23,MANDLA,423,6003,963,679,1691,2670,2022-04-01T08:30:27.603
"MADHYA PRADESH",23,RAJGARH,411,9415,1948,1410,218,5839,2022-04-01T08:30:27.603
"MADHYA PRADESH",23,SEONI,425,17143,2762,3930,4297,6154,2022-04-01T08:30:27.603
"MADHYA PRADESH",23,SHAHDOL,397,8839,4437,769,1503,2130,2022-04-01T08:30:27.603
"MADHYA PRADESH",23,SIDHI,398,10633,4739,1206,1190,3498,2022-04-01T08:30:27.603
MAHARASHTRA,27,AMRAVATI,461,14618,5396,1766,302,7154,2022-04-01T08:30:32.040
MAHARASHTRA,27,HINGOLI,470,5591,3242,635,160,1554,2022-04-01T08:30:32.040
MAHARASHTRA,27,JALGAON,457,29132,14726,1710,547,12149,2022-04-01T08:30:32.040
MAHARASHTRA,27,NAGPUR,463,71581,33453,9881,2283,25964,2022-04-01T08:30:32.040
MAHARASHTRA,27,NANDURBAR,455,3134,1454,173,432,1075,2022-04-01T08:30:32.040
MAHARASHTRA,27,RATNAGIRI,486,11324,6684,611,89,3940,2022-04-01T08:30:32.040
MAHARASHTRA,27,SANGLI,489,24695,17071,1769,189,5666,2022-04-01T08:30:32.040
MANIPUR,14,"IMPHAL EAST",285,4596,3827,43,187,539,2022-04-01T08:30:40.870
MANIPUR,14,TAMENGLONG,280,96,12,1,82,1,2022-04-01T08:30:40.870
MANIPUR,14,UKHRUL,286,440,26,1,410,3,2022-04-01T08:30:40.870
MIZORAM,15,CHAMPHAI,291,174,19,0,154,1,2022-04-01T08:30:41.433
MIZORAM,15,MAMIT,288,36,3,0,33,0,2022-04-01T08:30:41.433
NAGALAND,13,PHEK,278,13,8,0,4,1,2022-04-01T08:30:41.620
ODISHA,21,BALESHWAR,8,23012,9422,4565,1128,7897,2022-04-01T08:30:41.810
ODISHA,21,BOUDH,22,624,200,75,25,324,2022-04-01T08:30:41.810
ODISHA,21,JAGATSINGHPUR,11,1807,1516,95,2,194,2022-04-01T08:30:41.810
ODISHA,21,KANDHAMAL,21,787,407,152,62,166,2022-04-01T08:30:41.810
ODISHA,21,KENDUJHAR,6,2250,1764,52,44,390,2022-04-01T08:30:41.810
ODISHA,21,"MALKANGIRI  ",30,525,232,225,41,27,2022-04-01T08:30:41.810
ODISHA,21,NABARANGPUR,28,447,232,89,66,60,2022-04-01T08:30:41.810
PUNJAB,3,BARNALA,58,2453,1899,328,3,223,2022-04-01T08:30:42.667
PUNJAB,3,FAZILKA,62,3198,2206,466,8,518,2022-04-01T08:30:42.667
PUNJAB,3,JALANDHAR,65,16197,12610,2627,23,937,2022-04-01T08:30:42.667
RAJASTHAN,8,ALWAR,121,15354,7827,988,393,6146,2022-04-01T08:30:43.933
RAJASTHAN,8,BHARATPUR,122,5384,2442,831,83,2028,2022-04-01T08:30:43.933
RAJASTHAN,8,BHILWARA,139,16921,10151,1080,206,5484,2022-04-01T08:30:43.933
RAJASTHAN,8,BUNDI,138,2790,1184,229,223,1154,2022-04-01T08:30:43.933
RAJASTHAN,8,JHUNJHUNU,120,6412,1911,547,89,3865,2022-04-01T08:30:43.933
RAJASTHAN,8,NAGAUR,129,10741,3657,784,49,6251,2022-04-01T08:30:43.933
RAJASTHAN,8,PALI,135,7127,2657,776,62,3632,2022-04-01T08:30:43.933
SIKKIM,11,"NORTH DISTRICT",255,18,3,0,14,1,2022-04-01T08:30:46.963
SIKKIM,11,"SOUTH DISTRICT",256,111,56,2,16,37,2022-04-01T08:30:46.963
"TAMIL NADU",33,KRISHNAGIRI,579,11768,7742,439,14,3573,2022-04-01T08:30:47.153
"TAMIL NADU",33,PUDUKKOTTAI,592,5588,2963,401,9,2215,2022-04-01T08:30:47.153
"TAMIL NADU",33,TUTICORIN,595,12929,6303,999,26,5601,2022-04-01T08:30:47.153
"TAMIL NADU",33,VELLORE,571,13599,7579,1359,74,4587,2022-04-01T08:30:47.153
TELANGANA,36,"JOGULAMBA GADWAL",704,866,395,229,18,224,2022-04-01T08:30:52.183
TELANGANA,36,KARIMNAGAR,492,16270,5902,3722,532,6114,2022-04-01T08:30:52.183
TELANGANA,36,MAHABUBABAD,707,1330,216,157,752,205,2022-04-01T08:30:52.183
TELANGANA,36,MEDAK,493,3508,1085,1268,720,435,2022-04-01T08:30:52.183
TELANGANA,36,SANGAREDDY,714,2592,1194,582,214,602,2022-04-01T08:30:52.183
TRIPURA,16,DHALAI,298,209,81,28,55,45,2022-04-01T08:30:53.823
"UTTAR PRADESH",9,AMROHA,152,1506,707,126,6,667,2022-04-01T08:30:54.043
"UTTAR PRADESH",9,BAHRAICH,196,11547,3516,1373,95,6563,2022-04-01T08:30:54.043
"UTTAR PRADESH",9,BALLIA,209,2757,1215,181,51,1310,2022-04-01T08:30:54.043
"UTTAR PRADESH",9,CHITRAKOOT,187,818,383,108,1,326,2022-04-01T08:30:54.043
"UTTAR PRADESH",9,DEORIA,206,3969,1500,324,126,2019,2022-04-01T08:30:54.043
"UTTAR PRADESH",9,ETAH,163,1644,663,216,4,761,2022-04-01T08:30:54.043
"UTTAR PRADESH",9,ETAWAH,177,5482,1325,1085,45,3027,2022-04-01T08:30:54.043
"UTTAR PRADESH",9,GONDA,199,9730,4444,863,39,4384,2022-04-01T08:30:54.043
"UTTAR PRADESH",9,KASGANJ,637,939,447,170,10,312,2022-04-01T08:30:54.043
"UTTAR PRADESH",9,LALITPUR,183,2235,590,437,24,1184,2022-04-01T08:30:54.043
"UTTAR PRADESH",9,MIRZAPUR,215,14473,2293,3889,495,7796,2022-04-01T08:30:54.043
"UTTAR PRADESH",9,MUZAFFARNAGAR,148,3961,2517,197,16,1231,2022-04-01T08:30:54.043
"UTTAR PRADESH",9,PRAYAGRAJ,191,28653,8764,5656,169,14064,2022-04-01T08:30:54.043
"UTTAR PRADESH",9,SAMBHAL,633,1143,554,100,4,485,2022-04-01T08:30:54.043
"UTTAR PRADESH",9,SITAPUR,170,5816,2042,1380,65,2329,2022-04-01T08:30:54.043
"UTTAR PRADESH",9,SONBHADRA,216,12530,1708,2724,3296,4802,2022-04-01T08:30:54.043
UTTARAKHAND,5,NAINITAL,85,2402,1850,197,17,338,2022-04-01T08:30:58.467
UTTARAKHAND,5,"TEHRI GARHWAL",78,877,717,59,2,99,2022-04-01T08:30:58.467
"WEST BENGAL",19,ALIPURDUAR,638,2616,1102,714,577,223,2022-04-01T08:30:58.903
"WEST BENGAL",19,BANKURA,342,3133,2372,326,129,306,2022-04-01T08:30:58.903
"WEST BENGAL",19,Jhargram,732,162,99,14,13,36,2022-04-01T08:30:58.903
"WEST BENGAL",19,MURSHIDABAD,336,6939,5607,441,24,867,2022-04-01T08:30:58.903
"DADAR AND NAGAR HAVELI",26,"DADRA AND NAGAR HAVELLI",454,2645,2235,53,142,215,2022-04-01T08:31:00.840
DELHI,7,EAST,110,14810,12887,674,34,1215,2022-04-01T08:31:01.247
DELHI,7,NORTH,108,6258,5451,301,18,488,2022-04-01T08:31:01.247
DELHI,7,SHAHDARA,626,1260,1055,89,5,111,2022-04-01T08:31:01.247
"JAMMU AND KASHMIR",1,DODA,39,64,58,5,1,0,2022-04-01T08:31:02.467
"JAMMU AND KASHMIR",1,PULWAMA,35,135,120,4,0,11,2022-04-01T08:31:02.467
"JAMMU AND KASHMIR",1,RAMBAN,608,50,43,3,2,2,2022-04-01T08:31:02.467
"JAMMU AND KASHMIR",1,SRINAGAR,33,1181,1154,8,5,14,2022-04-01T08:31:02.467
LADAKH,37,KARGIL,750,32,5,3,24,0,2022-04-01T08:31:02.717
PUDUCHERRY,34,YANAM,598,20,14,3,0,3,2022-04-01T08:31:03.077
"ANDHRA PRADESH",28,ANANTHAPUR,520,9826,4618,1151,574,3483,2022-04-01T08:30:11.140
"ANDHRA PRADESH",28,GUNTUR,509,14853,8841,2001,539,3472,2022-04-01T08:30:11.140
"ANDHRA PRADESH",28,KURNOOL,506,9739,4587,2312,265,2575,2022-04-01T08:30:11.140
"ANDHRA PRADESH",28,PRAKASAM,510,32919,9417,9581,984,12937,2022-04-01T08:30:11.140
